accepted,algorithm,alpha,batch_range_span,best_value,final_loss,label,loss_span,num_edges,objective_updates,rejection_reasons,seed,theta_full_cost_ratio
True,DQAS,1.5,2.5600000000000005,9.44,10.980196078431371,search_alpha1.5_seed20260750,0.5896476715686294,12,9,,20260750,1.0
True,ME-DQAS,1.5,4.42,7.58,9.878125,search_alpha1.5_seed20260750,1.6907812499999988,12,14,,20260750,0.6092447804794227
True,DQAS,2.0,5.18,10.82,13.490434782608691,search_alpha2_seed20260750,1.8900339673913091,16,9,,20260750,1.0
True,ME-DQAS,2.0,8.16,7.84,10.53125,search_alpha2_seed20260750,4.854374999999999,16,13,,20260750,0.6178268406167321
True,DQAS,1.5,3.84,8.16,10.223000000000003,search_alpha1.5_seed20260751,1.226687499999997,12,9,,20260751,1.0
True,ME-DQAS,1.5,5.96,6.04,8.423125,search_alpha1.5_seed20260751,3.0268749999999986,12,13,,20260751,0.6108723482077542
True,DQAS,2.0,6.0600000000000005,9.94,12.958571428571428,search_alpha2_seed20260751,2.226584821428572,16,9,,20260751,1.0
True,ME-DQAS,2.0,9.4,6.6,9.74546875,search_alpha2_seed20260751,5.439843749999998,16,13,,20260751,0.6257924289078065
True,DQAS,1.5,4.34,7.66,9.98234375,search_alpha1.5_seed20260752,1.4001562500000002,12,9,,20260752,1.0
True,ME-DQAS,1.5,5.98,6.02,7.94046875,search_alpha1.5_seed20260752,3.4440625000000002,12,15,,20260752,0.5478740409207161
True,DQAS,2.0,5.800000000000001,10.2,13.480937500000001,search_alpha2_seed20260752,1.8026562499999965,16,9,,20260752,1.0
True,ME-DQAS,2.0,6.6,9.4,11.8634375,search_alpha2_seed20260752,3.4198437499999983,16,13,,20260752,0.6199359853680841
True,DQAS,1.5,3.3599999999999994,8.64,10.641612903225807,search_alpha1.5_seed20260753,0.9171370967741925,12,9,,20260753,1.0
True,ME-DQAS,1.5,4.94,7.06,8.91609375,search_alpha1.5_seed20260753,2.6403124999999985,12,14,,20260753,0.6038379530916844
True,DQAS,2.0,4.4,11.6,14.074285714285717,search_alpha2_seed20260753,1.3497767857142815,16,9,,20260753,1.0
True,ME-DQAS,2.0,6.4,9.6,12.4528125,search_alpha2_seed20260753,2.9679687500000007,16,13,,20260753,0.6093565122417403
True,DQAS,1.5,4.44,7.56,10.099687499999998,search_alpha1.5_seed20260754,1.2065625000000004,12,8,,20260754,1.0
True,ME-DQAS,1.5,5.92,6.08,8.1396875,search_alpha1.5_seed20260754,3.168125,12,13,,20260754,0.6194988324052452
True,DQAS,2.0,6.6,9.4,12.8278125,search_alpha2_seed20260754,2.3165625,16,8,,20260754,1.0
True,ME-DQAS,2.0,9.1,6.9,9.821250000000001,search_alpha2_seed20260754,5.32625,16,13,,20260754,0.6312154696132597
True,DQAS,1.5,2.0600000000000005,9.94,11.17546875,search_alpha1.5_seed20260755,0.46109374999999986,12,9,,20260755,1.0
True,ME-DQAS,1.5,3.3000000000000007,8.7,10.345,search_alpha1.5_seed20260755,1.2857812499999994,12,15,,20260755,0.5366069988711498
True,DQAS,2.0,6.02,9.98,12.988235294117645,search_alpha2_seed20260755,2.232077205882355,16,9,,20260755,1.0
True,ME-DQAS,2.0,8.24,7.76,10.415937500000002,search_alpha2_seed20260755,4.801874999999997,16,13,,20260755,0.6134011258398402
True,DQAS,1.5,3.4399999999999995,8.56,10.81685714285714,search_alpha1.5_seed20260756,0.8282991071428594,12,9,,20260756,1.0
True,ME-DQAS,1.5,4.58,7.42,9.282499999999999,search_alpha1.5_seed20260756,2.3603125000000027,12,14,,20260756,0.6016058768258307
True,DQAS,2.0,4.140000000000001,11.86,14.337222222222222,search_alpha2_seed20260756,1.155277777777778,16,9,,20260756,1.0
True,ME-DQAS,2.0,6.08,9.92,12.704615384615385,search_alpha2_seed20260756,2.7869471153846135,16,14,,20260756,0.6066149635036496
True,DQAS,1.5,2.34,9.66,11.11390625,search_alpha1.5_seed20260757,0.5393750000000015,12,9,,20260757,1.0
True,ME-DQAS,1.5,4.14,7.86,10.353125000000002,search_alpha1.5_seed20260757,1.300937499999998,12,14,,20260757,0.6004306632213608
True,DQAS,2.0,5.58,10.42,12.55,search_alpha2_seed20260757,2.7751562499999984,16,9,,20260757,1.0
True,ME-DQAS,2.0,7.5600000000000005,8.44,10.696406249999999,search_alpha2_seed20260757,4.62875,16,13,,20260757,0.6197060971157357
True,DQAS,1.5,4.92,7.08,9.255806451612903,search_alpha1.5_seed20260758,1.691224798387097,12,9,,20260758,1.0
True,ME-DQAS,1.5,5.86,6.14,7.67390625,search_alpha1.5_seed20260758,3.2681250000000013,12,13,,20260758,0.6244553376906318
True,DQAS,2.0,5.119999999999999,10.88,12.773500000000002,search_alpha2_seed20260758,1.9716562499999988,16,9,,20260758,1.0
True,ME-DQAS,2.0,7.34,8.66,10.74546875,search_alpha2_seed20260758,4.001874999999998,16,13,,20260758,0.6328153234550055
True,DQAS,1.5,4.82,7.18,9.87328125,search_alpha1.5_seed20260759,1.4037500000000005,12,8,,20260759,1.0
True,ME-DQAS,1.5,7.48,4.52,6.86640625,search_alpha1.5_seed20260759,4.40890625,12,13,,20260759,0.6183415953132041
True,DQAS,2.0,6.4399999999999995,9.56,13.174218750000001,search_alpha2_seed20260759,1.9082812499999982,16,8,,20260759,1.0
True,ME-DQAS,2.0,8.940000000000001,7.06,9.897343750000001,search_alpha2_seed20260759,5.184687499999999,16,13,,20260759,0.6275751360028539
True,DQAS,1.5,2.74,9.26,10.84765625,search_alpha1.5_seed20260760,0.6635937500000004,12,9,,20260760,1.0
True,ME-DQAS,1.5,4.08,7.92,10.0053125,search_alpha1.5_seed20260760,1.50578125,12,14,,20260760,0.6094315245478036
True,DQAS,2.0,7.92,8.08,10.443593750000002,search_alpha2_seed20260760,4.669843749999998,16,9,,20260760,1.0
True,ME-DQAS,2.0,9.04,6.96,8.779687500000001,search_alpha2_seed20260760,6.336093749999998,16,13,,20260760,0.6350385038503851
True,DQAS,1.5,2.8200000000000003,9.18,10.856538461538463,search_alpha1.5_seed20260761,0.7712499999999984,12,9,,20260761,1.0
True,ME-DQAS,1.5,4.98,7.02,9.605871559633027,search_alpha1.5_seed20260761,1.9636596903669723,12,14,,20260761,0.6067987888797137
True,DQAS,2.0,5.0600000000000005,10.94,13.7465625,search_alpha2_seed20260761,1.6282812500000006,16,8,,20260761,1.0
True,ME-DQAS,2.0,7.539999999999999,8.46,11.145781249999999,search_alpha2_seed20260761,4.232968750000001,16,13,,20260761,0.6221980215990561
True,DQAS,1.5,3.42,8.58,10.183333333333334,search_alpha1.5_seed20260762,1.1294791666666661,12,9,,20260762,1.0
True,ME-DQAS,1.5,4.44,7.56,9.364843749999999,search_alpha1.5_seed20260762,1.9495312500000015,12,13,,20260762,0.6184246638002012
True,DQAS,2.0,5.48,10.52,13.2678125,search_alpha2_seed20260762,1.807500000000001,16,8,,20260762,1.0
True,ME-DQAS,2.0,8.64,7.36,10.455312500000002,search_alpha2_seed20260762,4.61734375,16,13,,20260762,0.6349751468594668
True,DQAS,1.5,2.8200000000000003,9.18,10.866249999999999,search_alpha1.5_seed20260763,0.645624999999999,12,8,,20260763,1.0
True,ME-DQAS,1.5,4.8,7.2,9.337777777777777,search_alpha1.5_seed20260763,2.154097222222223,12,14,,20260763,0.6050955414012739
True,DQAS,2.0,3.619999999999999,12.38,14.3634375,search_alpha2_seed20260763,1.0135937499999983,16,8,,20260763,1.0
True,ME-DQAS,2.0,6.460000000000001,9.54,12.321406249999999,search_alpha2_seed20260763,3.059218750000001,16,13,,20260763,0.614224918507787
True,DQAS,1.5,1.1799999999999997,10.82,11.65,search_alpha1.5_seed20260764,0.2195312499999993,12,9,,20260764,1.0
True,ME-DQAS,1.5,2.039999999999999,9.96,11.146406250000002,search_alpha1.5_seed20260764,0.7048437499999984,12,14,,20260764,0.5874431769448495
True,DQAS,2.0,1.7599999999999998,14.24,15.809999999999999,search_alpha2_seed20260764,0.45281249999999673,16,9,,20260764,1.0
True,ME-DQAS,2.0,4.66,11.34,13.8675,search_alpha2_seed20260764,1.9351562499999986,16,14,,20260764,0.5932883613696525
True,DQAS,1.5,4.36,7.64,10.3240625,search_alpha1.5_seed20260765,1.09953125,12,8,,20260765,1.0
True,ME-DQAS,1.5,6.6,5.4,8.47484375,search_alpha1.5_seed20260765,2.9476562500000014,12,13,,20260765,0.6145785876993166
True,DQAS,2.0,5.6,10.4,13.285625,search_alpha2_seed20260765,1.970468750000002,16,8,,20260765,1.0
True,ME-DQAS,2.0,7.74,8.26,10.5221875,search_alpha2_seed20260765,4.73421875,16,13,,20260765,0.6241304544222603
True,DQAS,1.5,3.0600000000000005,8.94,10.897187500000001,search_alpha1.5_seed20260766,0.712031249999999,12,8,,20260766,1.0
True,ME-DQAS,1.5,4.9,7.1,9.510937499999999,search_alpha1.5_seed20260766,2.098593750000001,12,13,,20260766,0.6077904328018223
True,DQAS,2.0,4.119999999999999,11.88,14.35625,search_alpha2_seed20260766,1.17390625,16,8,,20260766,1.0
True,ME-DQAS,2.0,6.539999999999999,9.46,11.7265625,search_alpha2_seed20260766,3.805624999999999,16,13,,20260766,0.6151690471885735
True,DQAS,1.5,3.8000000000000007,8.2,10.001666666666669,search_alpha1.5_seed20260767,1.3780208333333324,12,9,,20260767,1.0
True,ME-DQAS,1.5,5.22,6.78,8.88953125,search_alpha1.5_seed20260767,2.492968750000001,12,13,,20260767,0.6100237790378635
True,DQAS,2.0,4.26,11.74,14.1095,search_alpha2_seed20260767,1.2025312499999998,16,9,,20260767,1.0
True,ME-DQAS,2.0,7.24,8.76,11.95015625,search_alpha2_seed20260767,3.3664062500000007,16,13,,20260767,0.6132872852858311
True,DQAS,1.5,3.9800000000000004,8.02,10.1134375,search_alpha1.5_seed20260768,1.1045312500000009,12,8,,20260768,1.0
True,ME-DQAS,1.5,6.0,6.0,8.606718749999999,search_alpha1.5_seed20260768,2.613125000000002,12,13,,20260768,0.6102471910112359
True,DQAS,2.0,6.279999999999999,9.72,12.7715625,search_alpha2_seed20260768,2.1568749999999994,16,8,,20260768,1.0
True,ME-DQAS,2.0,9.58,6.42,8.987187500000001,search_alpha2_seed20260768,5.942499999999999,16,13,,20260768,0.6282062621616841
True,DQAS,1.5,2.6400000000000006,9.36,10.922941176470589,search_alpha1.5_seed20260769,0.6245588235294104,12,9,,20260769,1.0
True,ME-DQAS,1.5,4.1,7.9,9.804166666666665,search_alpha1.5_seed20260769,1.7389583333333345,12,14,,20260769,0.608679661640309
True,DQAS,2.0,7.199999999999999,8.8,11.5978125,search_alpha2_seed20260769,3.5510937499999997,16,8,,20260769,1.0
True,ME-DQAS,2.0,8.98,7.02,8.999375,search_alpha2_seed20260769,6.1615625000000005,16,13,,20260769,0.6308673238672334
True,DQAS,1.5,2.0,10.0,11.22265625,search_alpha1.5_seed20260770,0.3909374999999997,12,8,,20260770,1.0
True,ME-DQAS,1.5,3.3200000000000003,8.68,10.55265625,search_alpha1.5_seed20260770,1.0574999999999992,12,14,,20260770,0.5997861420017109
True,DQAS,2.0,5.800000000000001,10.2,13.17421875,search_alpha2_seed20260770,2.0442187500000006,16,8,,20260770,1.0
True,ME-DQAS,2.0,8.4,7.6,10.13296875,search_alpha2_seed20260770,5.08640625,16,13,,20260770,0.6206043708966633
True,DQAS,1.5,2.4399999999999995,9.56,10.8759375,search_alpha1.5_seed20260771,0.6243750000000006,12,8,,20260771,1.0
True,ME-DQAS,1.5,4.24,7.76,9.966249999999999,search_alpha1.5_seed20260771,1.5335937500000014,12,14,,20260771,0.6044947646207542
True,DQAS,2.0,5.6,10.4,13.057500000000001,search_alpha2_seed20260771,2.045781249999999,16,8,,20260771,1.0
True,ME-DQAS,2.0,8.08,7.92,10.71796875,search_alpha2_seed20260771,4.384843749999998,16,13,,20260771,0.6178168696436626
True,DQAS,1.5,3.3599999999999994,8.64,10.665312499999999,search_alpha1.5_seed20260772,0.9287500000000009,12,9,,20260772,1.0
True,ME-DQAS,1.5,5.66,6.34,8.86390625,search_alpha1.5_seed20260772,2.7298437500000006,12,14,,20260772,0.5956925457828217
True,DQAS,2.0,3.7799999999999994,12.22,14.443906250000001,search_alpha2_seed20260772,1.084999999999999,16,9,,20260772,1.0
True,ME-DQAS,2.0,6.199999999999999,9.8,12.43328125,search_alpha2_seed20260772,3.094999999999999,16,14,,20260772,0.5979761598490696
True,DQAS,1.5,4.1,7.9,10.25015625,search_alpha1.5_seed20260773,1.0959375000000016,12,8,,20260773,1.0
True,ME-DQAS,1.5,5.46,6.54,8.295000000000002,search_alpha1.5_seed20260773,3.049062499999998,12,13,,20260773,0.6172657367668097
True,DQAS,2.0,5.34,10.66,13.580312500000002,search_alpha2_seed20260773,1.6003124999999976,16,8,,20260773,1.0
True,ME-DQAS,2.0,7.34,8.66,11.235937499999999,search_alpha2_seed20260773,3.94515625,16,13,,20260773,0.6298230088495576
True,DQAS,1.5,3.039999999999999,8.96,10.47,search_alpha1.5_seed20260774,1.0601562500000004,12,9,,20260774,1.0
True,ME-DQAS,1.5,5.14,6.86,8.86796875,search_alpha1.5_seed20260774,2.6648437499999993,12,15,,20260774,0.5243436754176611
True,DQAS,2.0,4.66,11.34,13.6621875,search_alpha2_seed20260774,1.581718750000002,16,8,,20260774,1.0
True,ME-DQAS,2.0,7.460000000000001,8.54,11.21109375,search_alpha2_seed20260774,4.035937500000001,16,13,,20260774,0.6115930243064968
True,DQAS,1.5,3.92,8.08,10.599285714285715,search_alpha1.5_seed20260775,1.0050892857142841,12,9,,20260775,1.0
True,ME-DQAS,1.5,5.68,6.32,9.225384615384614,search_alpha1.5_seed20260775,2.374771634615385,12,14,,20260775,0.607429718875502
True,DQAS,2.0,4.34,11.66,14.07,search_alpha2_seed20260775,1.4223437499999996,16,9,,20260775,1.0
True,ME-DQAS,2.0,8.08,7.92,11.31359375,search_alpha2_seed20260775,4.1782812499999995,16,13,,20260775,0.6165911151405259
True,DQAS,1.5,3.1999999999999993,8.8,10.75982456140351,search_alpha1.5_seed20260776,0.808300438596488,12,9,,20260776,1.0
True,ME-DQAS,1.5,6.28,5.72,8.612542372881355,search_alpha1.5_seed20260776,2.956363877118644,12,16,,20260776,0.5206877159154817
True,DQAS,2.0,5.300000000000001,10.7,13.811702127659576,search_alpha2_seed20260776,1.5767353723404245,16,9,,20260776,1.0
True,ME-DQAS,2.0,8.2,7.8,10.757391304347825,search_alpha2_seed20260776,4.634639945652177,16,14,,20260776,0.6090676182633361
True,DQAS,1.5,3.8200000000000003,8.18,10.22796875,search_alpha1.5_seed20260777,1.1890625000000004,12,8,,20260777,1.0
True,ME-DQAS,1.5,6.46,5.54,8.186250000000001,search_alpha1.5_seed20260777,3.2329687499999995,12,13,,20260777,0.6131638674534725
True,DQAS,2.0,4.68,11.32,13.842656250000001,search_alpha2_seed20260777,1.5,16,8,,20260777,1.0
True,ME-DQAS,2.0,7.0,9.0,11.85984375,search_alpha2_seed20260777,3.4857812500000005,16,13,,20260777,0.6149059860114452
True,DQAS,1.5,2.84,9.16,11.018249999999998,search_alpha1.5_seed20260778,0.5980000000000025,12,9,,20260778,1.0
True,ME-DQAS,1.5,4.5,7.5,9.8996875,search_alpha1.5_seed20260778,1.7151562499999997,12,14,,20260778,0.6054570376081556
True,DQAS,2.0,4.48,11.52,14.016363636363634,search_alpha2_seed20260778,1.4762926136363657,16,9,,20260778,1.0
True,ME-DQAS,2.0,6.42,9.58,12.5865625,search_alpha2_seed20260778,2.9056250000000006,16,13,,20260778,0.6125582670688237
True,DQAS,1.5,3.2200000000000006,8.78,10.4875,search_alpha1.5_seed20260779,0.9420312499999994,12,9,,20260779,1.0
True,ME-DQAS,1.5,4.8,7.2,9.48030303030303,search_alpha1.5_seed20260779,1.9487594696969701,12,14,,20260779,0.6054937032305165
True,DQAS,2.0,6.539999999999999,9.46,13.3296875,search_alpha2_seed20260779,1.8126562499999999,16,8,,20260779,1.0
True,ME-DQAS,2.0,10.379999999999999,5.62,9.355937500000001,search_alpha2_seed20260779,5.784218749999999,16,13,,20260779,0.6244256239300838
True,DQAS,1.5,5.28,6.72,8.27153846153846,search_alpha1.5_seed20260780,3.0800240384615396,12,9,,20260780,1.0
True,ME-DQAS,1.5,5.6,6.4,7.11546875,search_alpha1.5_seed20260780,4.23609375,12,14,,20260780,0.5936936936936937
True,DQAS,2.0,7.18,8.82,11.048906249999998,search_alpha2_seed20260780,4.058593750000002,16,8,,20260780,1.0
True,ME-DQAS,2.0,8.82,7.18,9.11890625,search_alpha2_seed20260780,5.99265625,16,14,,20260780,0.6058919242956239
True,DQAS,1.5,2.4399999999999995,9.56,11.059444444444445,search_alpha1.5_seed20260781,0.5546180555555544,12,9,,20260781,1.0
True,ME-DQAS,1.5,3.460000000000001,8.54,10.349687500000002,search_alpha1.5_seed20260781,1.2648437500000007,12,14,,20260781,0.6011067261496225
True,DQAS,2.0,3.3200000000000003,12.68,14.649696969696969,search_alpha2_seed20260781,0.9518655303030314,16,9,,20260781,1.0
True,ME-DQAS,2.0,6.02,9.98,12.154531249999998,search_alpha2_seed20260781,3.4476562500000014,16,14,,20260781,0.6068525964582085
True,DQAS,1.5,2.42,9.58,11.25390625,search_alpha1.5_seed20260782,0.44140625,12,9,,20260782,1.0
True,ME-DQAS,1.5,3.880000000000001,8.12,10.37953125,search_alpha1.5_seed20260782,1.3168749999999996,12,14,,20260782,0.602077022933795
True,DQAS,2.0,3.42,12.58,14.6453125,search_alpha2_seed20260782,0.9612499999999997,16,9,,20260782,1.0
True,ME-DQAS,2.0,6.4,9.6,12.29504424778761,search_alpha2_seed20260782,3.311362002212391,16,14,,20260782,0.6107057084795862
True,DQAS,1.5,2.74,9.26,10.894782608695653,search_alpha1.5_seed20260783,0.7559986413043465,12,9,,20260783,1.0
True,ME-DQAS,1.5,4.64,7.36,9.91765625,search_alpha1.5_seed20260783,1.7323437499999983,12,14,,20260783,0.5990728021978022
True,DQAS,2.0,6.24,9.76,12.784375,search_alpha2_seed20260783,2.448437499999999,16,8,,20260783,1.0
True,ME-DQAS,2.0,8.059999999999999,7.94,9.935,search_alpha2_seed20260783,5.300781250000002,16,13,,20260783,0.6125249049085311
True,DQAS,1.5,3.3599999999999994,8.64,10.26921875,search_alpha1.5_seed20260784,0.9684375000000003,12,8,,20260784,1.0
True,ME-DQAS,1.5,5.42,6.58,8.72203125,search_alpha1.5_seed20260784,2.5196875,12,13,,20260784,0.6014793433158939
True,DQAS,2.0,7.380000000000001,8.62,11.71453125,search_alpha2_seed20260784,3.15796875,16,8,,20260784,1.0
True,ME-DQAS,2.0,9.6,6.4,8.5446875,search_alpha2_seed20260784,6.319687499999999,16,13,,20260784,0.6134273725560218
True,DQAS,1.5,4.1,7.9,10.26125,search_alpha1.5_seed20260785,1.1871875000000003,12,9,,20260785,1.0
True,ME-DQAS,1.5,5.88,6.12,8.244655172413795,search_alpha1.5_seed20260785,3.2020635775862036,12,14,,20260785,0.6064220183486239
True,DQAS,2.0,6.26,9.74,13.080256410256409,search_alpha2_seed20260785,2.141618589743592,16,9,,20260785,1.0
True,ME-DQAS,2.0,8.7,7.3,10.0234375,search_alpha2_seed20260785,5.198437500000001,16,13,,20260785,0.6208821127144024
True,DQAS,1.5,5.18,6.82,9.558076923076923,search_alpha1.5_seed20260786,1.7294230769230783,12,9,,20260786,1.0
True,ME-DQAS,1.5,6.96,5.04,6.862968750000001,search_alpha1.5_seed20260786,4.42453125,12,15,,20260786,0.5376447105788423
True,DQAS,2.0,5.539999999999999,10.46,13.422173913043482,search_alpha2_seed20260786,1.6932948369565164,16,9,,20260786,1.0
True,ME-DQAS,2.0,8.0,8.0,11.284374999999997,search_alpha2_seed20260786,3.835625000000004,16,13,,20260786,0.6226097250045529
True,DQAS,1.5,2.08,9.92,11.274687499999999,search_alpha1.5_seed20260787,0.4303124999999959,12,8,,20260787,1.0
True,ME-DQAS,1.5,3.5600000000000005,8.44,10.4578125,search_alpha1.5_seed20260787,1.2076562499999994,12,14,,20260787,0.5989587778441581
True,DQAS,2.0,3.6999999999999993,12.3,14.296875,search_alpha2_seed20260787,1.1690625000000008,16,8,,20260787,1.0
True,ME-DQAS,2.0,6.640000000000001,9.36,12.46953125,search_alpha2_seed20260787,2.995937500000002,16,13,,20260787,0.6089940400939137
True,DQAS,1.5,2.6400000000000006,9.36,11.06453125,search_alpha1.5_seed20260788,0.5926562499999992,12,9,,20260788,1.0
True,ME-DQAS,1.5,3.9800000000000004,8.02,10.14390625,search_alpha1.5_seed20260788,1.5160937499999996,12,14,,20260788,0.6027662874870734
True,DQAS,2.0,4.699999999999999,11.3,14.104444444444445,search_alpha2_seed20260788,1.395868055555555,16,9,,20260788,1.0
True,ME-DQAS,2.0,7.76,8.24,11.344375,search_alpha2_seed20260788,4.158437500000002,16,13,,20260788,0.6150114416475972
True,DQAS,1.5,4.16,7.84,10.149365079365081,search_alpha1.5_seed20260789,1.297666170634919,12,9,,20260789,1.0
True,ME-DQAS,1.5,7.24,4.76,6.7615625,search_alpha1.5_seed20260789,4.679218749999999,12,15,,20260789,0.5496931537419304
True,DQAS,2.0,6.779999999999999,9.22,11.373333333333335,search_alpha2_seed20260789,3.6379166666666656,16,9,,20260789,1.0
True,ME-DQAS,2.0,8.8,7.2,9.26046875,search_alpha2_seed20260789,5.748906250000001,16,13,,20260789,0.6267408211249774
True,DQAS,1.5,2.8000000000000007,9.2,11.1140625,search_alpha1.5_seed20260790,0.616093750000001,12,8,,20260790,1.0
True,ME-DQAS,1.5,5.4,6.6,8.9709375,search_alpha1.5_seed20260790,2.75796875,12,14,,20260790,0.602750256235053
True,DQAS,2.0,4.0600000000000005,11.94,14.78390625,search_alpha2_seed20260790,0.8279687500000001,16,8,,20260790,1.0
True,ME-DQAS,2.0,6.539999999999999,9.46,12.246486486486486,search_alpha2_seed20260790,3.3674197635135137,16,14,,20260790,0.6069831127339115
True,DQAS,1.5,2.84,9.16,10.717142857142855,search_alpha1.5_seed20260791,0.9350446428571448,12,9,,20260791,1.0
True,ME-DQAS,1.5,4.72,7.28,9.174218750000001,search_alpha1.5_seed20260791,2.4781249999999986,12,14,,20260791,0.6043941979522184
True,DQAS,2.0,4.539999999999999,11.46,14.314062500000002,search_alpha2_seed20260791,1.1476562499999972,16,8,,20260791,1.0
True,ME-DQAS,2.0,6.76,9.24,11.7871875,search_alpha2_seed20260791,3.6756249999999984,16,13,,20260791,0.6172172808132147
True,DQAS,1.5,3.460000000000001,8.54,10.57125,search_alpha1.5_seed20260792,0.9270312500000024,12,9,,20260792,1.0
True,ME-DQAS,1.5,5.54,6.46,8.72203125,search_alpha1.5_seed20260792,2.7753124999999983,12,15,,20260792,0.5379423276619538
True,DQAS,2.0,5.960000000000001,10.04,13.36948275862069,search_alpha2_seed20260792,1.9489547413793105,16,9,,20260792,1.0
True,ME-DQAS,2.0,8.74,7.26,10.7725,search_alpha2_seed20260792,4.5434375,16,13,,20260792,0.612041503595158
True,DQAS,1.5,4.78,7.22,9.95703125,search_alpha1.5_seed20260793,1.4056250000000006,12,8,,20260793,1.0
True,ME-DQAS,1.5,6.3,5.7,7.8515625,search_alpha1.5_seed20260793,3.508749999999999,12,13,,20260793,0.6162737987307344
True,DQAS,2.0,5.4,10.6,13.22265625,search_alpha2_seed20260793,1.9284375000000011,16,8,,20260793,1.0
True,ME-DQAS,2.0,8.4,7.6,10.42578125,search_alpha2_seed20260793,4.724062499999999,16,13,,20260793,0.6266624730409777
True,DQAS,1.5,2.76,9.24,10.986093750000002,search_alpha1.5_seed20260794,0.6524999999999981,12,8,,20260794,1.0
True,ME-DQAS,1.5,4.38,7.62,9.645781249999999,search_alpha1.5_seed20260794,1.9920312500000001,12,14,,20260794,0.598040051129101
True,DQAS,2.0,3.380000000000001,12.62,14.5125,search_alpha2_seed20260794,1.0206250000000026,16,8,,20260794,1.0
True,ME-DQAS,2.0,6.5600000000000005,9.44,11.983333333333333,search_alpha2_seed20260794,3.548541666666667,16,14,,20260794,0.6041061046511628
True,DQAS,1.5,2.039999999999999,9.96,11.205625000000001,search_alpha1.5_seed20260795,0.44265624999999886,12,8,,20260795,1.0
True,ME-DQAS,1.5,3.539999999999999,8.46,10.294687499999998,search_alpha1.5_seed20260795,1.355156250000002,12,14,,20260795,0.5983969986357435
True,DQAS,2.0,3.5600000000000005,12.44,14.533750000000001,search_alpha2_seed20260795,0.9867187499999979,16,8,,20260795,1.0
True,ME-DQAS,2.0,5.58,10.42,12.76,search_alpha2_seed20260795,2.761875,16,13,,20260795,0.6083688071732632
True,DQAS,1.5,3.5600000000000005,8.44,10.38328125,search_alpha1.5_seed20260796,1.0743749999999999,12,8,,20260796,1.0
True,ME-DQAS,1.5,5.3,6.7,8.75015625,search_alpha1.5_seed20260796,2.7095312500000013,12,13,,20260796,0.6090157229846406
True,DQAS,2.0,6.119999999999999,9.88,12.90984375,search_alpha2_seed20260796,2.3143749999999983,16,8,,20260796,1.0
True,ME-DQAS,2.0,8.26,7.74,9.906875,search_alpha2_seed20260796,5.320625,16,13,,20260796,0.6249438807578342
True,DQAS,1.5,4.14,7.86,9.514,search_alpha1.5_seed20260797,1.903656250000001,12,9,,20260797,1.0
True,ME-DQAS,1.5,6.28,5.72,8.0264,search_alpha1.5_seed20260797,3.391881249999999,12,14,,20260797,0.608641975308642
True,DQAS,2.0,4.84,11.16,14.13390625,search_alpha2_seed20260797,1.184531250000001,16,8,,20260797,1.0
True,ME-DQAS,2.0,7.68,8.32,11.503124999999999,search_alpha2_seed20260797,3.8165625000000016,16,13,,20260797,0.61307308216069
True,DQAS,1.5,3.9800000000000004,8.02,10.593478260869563,search_alpha1.5_seed20260798,0.9310529891304355,12,9,,20260798,1.0
True,ME-DQAS,1.5,6.42,5.58,8.299183673469388,search_alpha1.5_seed20260798,3.2269100765306113,12,14,,20260798,0.602803738317757
True,DQAS,2.0,5.74,10.26,13.3215625,search_alpha2_seed20260798,2.010624999999999,16,8,,20260798,1.0
True,ME-DQAS,2.0,7.880000000000001,8.12,9.8246875,search_alpha2_seed20260798,5.51171875,16,13,,20260798,0.6171860925959287
True,DQAS,1.5,2.5999999999999996,9.4,11.005156249999999,search_alpha1.5_seed20260799,0.6159374999999994,12,9,,20260799,1.0
True,ME-DQAS,1.5,4.28,7.72,9.623593750000001,search_alpha1.5_seed20260799,1.9906249999999979,12,14,,20260799,0.6101505376344086
True,DQAS,2.0,4.140000000000001,11.86,14.230350877192981,search_alpha2_seed20260799,1.2405866228070206,16,9,,20260799,1.0
True,ME-DQAS,2.0,6.0600000000000005,9.94,12.4725,search_alpha2_seed20260799,2.9946874999999995,16,13,,20260799,0.6156058807414848
