accepted,algorithm,alpha,batch_range_span,best_value,final_loss,label,loss_span,objective_updates,rejection_reasons,seed,theta_full_cost_ratio
True,DQAS,1.5,1.2999999999999998,2.7,3.4765625,search_alpha1.5_seed20260627,0.2007812499999999,9,,20260627,1.0
True,ME-DQAS,1.5,1.54,2.46,3.33296875,search_alpha1.5_seed20260627,0.3453124999999999,14,,20260627,0.6053408597481545
True,DQAS,2.0,2.78,3.22,4.723437499999999,search_alpha2_seed20260627,0.7370312500000011,9,,20260627,1.0
True,ME-DQAS,2.0,3.76,2.24,4.01952380952381,search_alpha2_seed20260627,1.4411011904761901,14,,20260627,0.6145525147928994
True,DQAS,1.5,0.74,1.36,1.7666666666666668,search_alpha1.5_seed20260628,0.12005208333333317,9,,20260628,1.0
True,ME-DQAS,1.5,1.1,1.0,1.700625,search_alpha1.5_seed20260628,0.21140625000000002,14,,20260628,0.5959982788296041
True,DQAS,2.0,0.4600000000000002,1.64,1.9007142857142856,search_alpha2_seed20260628,0.034285714285714475,9,,20260628,1.0
True,ME-DQAS,2.0,0.6200000000000001,1.48,1.8800000000000001,search_alpha2_seed20260628,0.061093749999999725,14,,20260628,0.5924282883969334
True,DQAS,1.5,0.54,0.76,0.9797826086956524,search_alpha1.5_seed20260629,0.034904891304347596,9,,20260629,1.0
True,ME-DQAS,1.5,0.56,0.74,0.9628125,search_alpha1.5_seed20260629,0.05203124999999986,14,,20260629,0.589352293418885
True,DQAS,2.0,0.8000000000000003,1.38,1.86390243902439,search_alpha2_seed20260629,0.06781631097561003,9,,20260629,1.0
True,ME-DQAS,2.0,1.0000000000000002,1.18,1.78984375,search_alpha2_seed20260629,0.14031250000000006,14,,20260629,0.5918659043659044
True,DQAS,1.5,0.54,0.74,0.9778125,search_alpha1.5_seed20260630,0.030624999999999902,9,,20260630,1.0
True,ME-DQAS,1.5,0.54,0.74,0.96703125,search_alpha1.5_seed20260630,0.04140624999999987,14,,20260630,0.5890737371111688
True,DQAS,2.0,0.54,0.74,0.978125,search_alpha2_seed20260630,0.03078124999999987,9,,20260630,1.0
True,ME-DQAS,2.0,0.54,0.74,0.9675,search_alpha2_seed20260630,0.04109374999999993,14,,20260630,0.5889870895069751
True,DQAS,1.5,0.7999999999999998,2.2,2.75171875,search_alpha1.5_seed20260631,0.07468750000000046,9,,20260631,1.0
True,ME-DQAS,1.5,0.9199999999999999,2.08,2.68609375,search_alpha1.5_seed20260631,0.1396875000000004,14,,20260631,0.5896581566421463
True,DQAS,2.0,0.8199999999999998,2.2,2.7525000000000004,search_alpha2_seed20260631,0.07593749999999932,9,,20260631,1.0
True,ME-DQAS,2.0,0.94,2.08,2.688125,search_alpha2_seed20260631,0.13953124999999966,14,,20260631,0.5896581566421463
True,DQAS,1.5,0.7000000000000001,0.86,1.0315384615384617,search_alpha1.5_seed20260632,0.06658653846153828,9,,20260632,1.0
True,ME-DQAS,1.5,0.76,0.8,1.02515625,search_alpha1.5_seed20260632,0.08250000000000024,14,,20260632,0.5831822498489165
True,DQAS,2.0,0.66,0.9,1.0705263157894735,search_alpha2_seed20260632,0.07119243421052657,9,,20260632,1.0
True,ME-DQAS,2.0,0.76,0.8,1.05703125,search_alpha2_seed20260632,0.09515625000000028,14,,20260632,0.5814898029726927
False,DQAS,1.5,0.62,0.0,0.15484375,search_alpha1.5_seed20260633,0.06453125000000004,9,DQAS: solved too easily; ME-DQAS: solved too easily,20260633,1.0
False,ME-DQAS,1.5,0.58,0.0,0.13046875000000002,search_alpha1.5_seed20260633,0.09078125000000001,14,DQAS: solved too easily; ME-DQAS: solved too easily,20260633,0.5804077010192525
False,DQAS,2.0,0.3999999999999999,1.0,1.0926562499999999,search_alpha2_seed20260633,0.02953125000000001,9,DQAS: loss curve too flat; DQAS: batch min/max range too flat,20260633,1.0
False,ME-DQAS,2.0,0.41999999999999993,0.98,1.07609375,search_alpha2_seed20260633,0.046250000000000346,14,DQAS: loss curve too flat; DQAS: batch min/max range too flat,20260633,0.582761018864644
False,DQAS,1.5,0.5,0.0,0.055468750000000004,search_alpha1.5_seed20260634,0.05234375,9,DQAS: solved too easily; ME-DQAS: solved too easily,20260634,1.0
False,ME-DQAS,1.5,0.5,0.0,0.05015625,search_alpha1.5_seed20260634,0.06296875,14,DQAS: solved too easily; ME-DQAS: solved too easily,20260634,0.5821983586519993
False,DQAS,2.0,0.58,0.0,0.060312500000000005,search_alpha2_seed20260634,0.06125000000000001,9,DQAS: solved too easily; ME-DQAS: solved too easily,20260634,1.0
False,ME-DQAS,2.0,0.58,0.0,0.0540625,search_alpha2_seed20260634,0.07375000000000001,14,DQAS: solved too easily; ME-DQAS: solved too easily,20260634,0.5816522574447647
False,DQAS,1.5,0.52,1.58,1.9642187500000001,search_alpha1.5_seed20260635,0.01953125,9,DQAS: loss curve too flat,20260635,1.0
False,ME-DQAS,1.5,0.52,1.58,1.9573437500000002,search_alpha1.5_seed20260635,0.03656250000000005,14,DQAS: loss curve too flat,20260635,0.5831081670007845
True,DQAS,2.0,0.6199999999999999,1.64,1.99578125,search_alpha2_seed20260635,0.031249999999999334,9,,20260635,1.0
True,ME-DQAS,2.0,0.6399999999999997,1.62,1.98484375,search_alpha2_seed20260635,0.051093749999999716,14,,20260635,0.5808336239972096
True,DQAS,1.5,1.06,2.66,3.016666666666667,search_alpha1.5_seed20260636,0.11302083333333313,9,,20260636,1.0
True,ME-DQAS,1.5,1.1,2.62,2.99234375,search_alpha1.5_seed20260636,0.13703125000000016,14,,20260636,0.5847538702383023
True,DQAS,2.0,1.06,2.66,3.02609375,search_alpha2_seed20260636,0.11578125000000039,9,,20260636,1.0
True,ME-DQAS,2.0,1.12,2.6,3.0,search_alpha2_seed20260636,0.14124999999999988,14,,20260636,0.5842105263157895
False,DQAS,1.5,0.38,0.92,1.041111111111111,search_alpha1.5_seed20260637,0.016718749999999893,9,DQAS: loss curve too flat; DQAS: batch min/max range too flat; ME-DQAS: loss curve too flat,20260637,1.0
False,ME-DQAS,1.5,0.4800000000000001,0.88,1.02828125,search_alpha1.5_seed20260637,0.02921875000000007,14,DQAS: loss curve too flat; DQAS: batch min/max range too flat; ME-DQAS: loss curve too flat,20260637,0.5808772836952775
False,DQAS,2.0,0.3400000000000001,1.76,2.035,search_alpha2_seed20260637,0.04734375000000002,9,DQAS: batch min/max range too flat; ME-DQAS: loss curve too flat,20260637,1.0
False,ME-DQAS,2.0,0.42000000000000015,1.68,1.98234375,search_alpha2_seed20260637,0.022500000000000187,14,DQAS: batch min/max range too flat; ME-DQAS: loss curve too flat,20260637,0.5828524674877271
False,DQAS,1.5,0.4,0.0,0.08000000000000002,search_alpha1.5_seed20260638,0.027031250000000007,9,DQAS: loss curve too flat; DQAS: solved too easily; ME-DQAS: solved too easily,20260638,1.0
False,ME-DQAS,1.5,0.4,0.0,0.059687500000000004,search_alpha1.5_seed20260638,0.0415625,14,DQAS: loss curve too flat; DQAS: solved too easily; ME-DQAS: solved too easily,20260638,0.5900822867042009
False,DQAS,2.0,0.45999999999999996,0.94,1.0586842105263157,search_alpha2_seed20260638,0.025937499999999947,9,DQAS: loss curve too flat,20260638,1.0
False,ME-DQAS,2.0,0.4999999999999999,0.9,1.04890625,search_alpha2_seed20260638,0.03531250000000008,14,DQAS: loss curve too flat,20260638,0.589937705485378
False,DQAS,1.5,0.58,0.0,0.1290625,search_alpha1.5_seed20260639,0.03421875000000002,9,DQAS: solved too easily; ME-DQAS: solved too easily,20260639,1.0
False,ME-DQAS,1.5,0.58,0.0,0.10625000000000002,search_alpha1.5_seed20260639,0.05421875000000001,14,DQAS: solved too easily; ME-DQAS: solved too easily,20260639,0.5754930066892537
True,DQAS,2.0,0.84,0.84,1.09640625,search_alpha2_seed20260639,0.04484375000000007,9,,20260639,1.0
True,ME-DQAS,2.0,0.9,0.84,1.0659375,search_alpha2_seed20260639,0.08484374999999966,14,,20260639,0.5785701876302988
False,DQAS,1.5,0.43999999999999995,2.7,2.962307692307692,search_alpha1.5_seed20260640,0.02671874999999968,9,DQAS: loss curve too flat,20260640,1.0
False,ME-DQAS,1.5,0.54,2.6,2.94875,search_alpha1.5_seed20260640,0.03859374999999954,14,DQAS: loss curve too flat,20260640,0.5822593201280166
True,DQAS,2.0,0.7599999999999998,3.46,3.9154166666666668,search_alpha2_seed20260640,0.06187500000000057,9,,20260640,1.0
True,ME-DQAS,2.0,0.7999999999999998,3.42,3.8567187499999998,search_alpha2_seed20260640,0.11875000000000036,14,,20260640,0.5827571305099395
True,DQAS,1.5,0.96,1.52,1.96875,search_alpha1.5_seed20260641,0.09453124999999973,9,,20260641,1.0
True,ME-DQAS,1.5,1.26,1.28,1.8740625,search_alpha1.5_seed20260641,0.18093749999999975,14,,20260641,0.584876812860388
True,DQAS,2.0,0.8400000000000003,2.38,2.8840624999999998,search_alpha2_seed20260641,0.08000000000000007,9,,20260641,1.0
True,ME-DQAS,2.0,1.06,2.16,2.77546875,search_alpha2_seed20260641,0.16921874999999975,14,,20260641,0.5874683875468736
False,DQAS,1.5,0.5,0.7,0.9746874999999999,search_alpha1.5_seed20260642,0.025937499999999947,9,DQAS: loss curve too flat,20260642,1.0
False,ME-DQAS,1.5,0.64,0.62,0.97140625,search_alpha1.5_seed20260642,0.03468749999999998,14,DQAS: loss curve too flat,20260642,0.58122555410691
True,DQAS,2.0,0.8200000000000001,0.7,1.02546875,search_alpha2_seed20260642,0.042187500000000044,9,,20260642,1.0
True,ME-DQAS,2.0,0.88,0.64,1.0100000000000002,search_alpha2_seed20260642,0.06499999999999972,14,,20260642,0.5794376251414642
True,DQAS,1.5,0.5400000000000001,0.58,0.8415625,search_alpha1.5_seed20260643,0.053750000000000075,9,,20260643,1.0
True,ME-DQAS,1.5,0.5999999999999999,0.54,0.8265625,search_alpha1.5_seed20260643,0.0687500000000002,14,,20260643,0.5768027801911382
True,DQAS,2.0,0.5599999999999999,0.58,0.84203125,search_alpha2_seed20260643,0.05499999999999994,9,,20260643,1.0
True,ME-DQAS,2.0,0.6199999999999999,0.54,0.825625,search_alpha2_seed20260643,0.07171875000000005,14,,20260643,0.5768528977322096
True,DQAS,1.5,0.8799999999999999,1.44,1.9296875000000002,search_alpha1.5_seed20260644,0.04953125000000003,9,,20260644,1.0
True,ME-DQAS,1.5,0.8599999999999999,1.46,1.8804687500000001,search_alpha1.5_seed20260644,0.09781250000000008,14,,20260644,0.5894100243647755
True,DQAS,2.0,1.04,2.28,2.8559375,search_alpha2_seed20260644,0.0871875000000002,9,,20260644,1.0
True,ME-DQAS,2.0,1.1799999999999997,2.14,2.77484375,search_alpha2_seed20260644,0.16765624999999984,14,,20260644,0.5915174691465322
False,DQAS,1.5,0.32,0.0,0.02890625,search_alpha1.5_seed20260645,0.0240625,9,DQAS: loss curve too flat; DQAS: batch min/max range too flat; DQAS: solved too easily; ME-DQAS: batch min/max range too flat; ME-DQAS: solved too easily,20260645,1.0
False,ME-DQAS,1.5,0.32,0.0,0.0171875,search_alpha1.5_seed20260645,0.031875,14,DQAS: loss curve too flat; DQAS: batch min/max range too flat; DQAS: solved too easily; ME-DQAS: batch min/max range too flat; ME-DQAS: solved too easily,20260645,0.5793402777777777
False,DQAS,2.0,0.32,0.0,0.0390625,search_alpha2_seed20260645,0.03406250000000001,9,DQAS: batch min/max range too flat; DQAS: solved too easily; ME-DQAS: batch min/max range too flat; ME-DQAS: solved too easily,20260645,1.0
False,ME-DQAS,2.0,0.32,0.0,0.026250000000000002,search_alpha2_seed20260645,0.04375000000000001,14,DQAS: batch min/max range too flat; DQAS: solved too easily; ME-DQAS: batch min/max range too flat; ME-DQAS: solved too easily,20260645,0.5789336575199722
False,DQAS,1.5,0.58,0.64,0.9644642857142857,search_alpha1.5_seed20260646,0.02562500000000001,9,DQAS: loss curve too flat,20260646,1.0
False,ME-DQAS,1.5,0.58,0.64,0.94265625,search_alpha1.5_seed20260646,0.04640625000000009,14,DQAS: loss curve too flat,20260646,0.5769926755708746
False,DQAS,2.0,0.42000000000000004,0.84,1.0247540983606558,search_alpha2_seed20260646,0.028750000000000053,9,DQAS: loss curve too flat,20260646,1.0
False,ME-DQAS,2.0,0.42000000000000004,0.84,1.00578125,search_alpha2_seed20260646,0.034218749999999964,14,DQAS: loss curve too flat,20260646,0.5762858129099068
False,DQAS,1.5,0.40000000000000013,0.7,0.9651562499999999,search_alpha1.5_seed20260647,0.02359375000000008,9,DQAS: loss curve too flat; ME-DQAS: loss curve too flat,20260647,1.0
False,ME-DQAS,1.5,0.4800000000000001,0.64,0.9620312500000001,search_alpha1.5_seed20260647,0.028593749999999973,14,DQAS: loss curve too flat; ME-DQAS: loss curve too flat,20260647,0.5879738562091503
False,DQAS,2.0,0.28000000000000014,0.84,0.9946875,search_alpha2_seed20260647,0.008593750000000178,9,DQAS: loss curve too flat; DQAS: batch min/max range too flat; ME-DQAS: loss curve too flat; ME-DQAS: batch min/max range too flat,20260647,1.0
False,ME-DQAS,2.0,0.28000000000000014,0.84,1.0003125,search_alpha2_seed20260647,0.014375000000000249,14,DQAS: loss curve too flat; DQAS: batch min/max range too flat; ME-DQAS: loss curve too flat; ME-DQAS: batch min/max range too flat,20260647,0.5870191049463491
False,DQAS,1.5,0.28000000000000014,0.84,0.9913207547169812,search_alpha1.5_seed20260648,0.00821049528301876,9,DQAS: loss curve too flat; DQAS: batch min/max range too flat; ME-DQAS: loss curve too flat; ME-DQAS: batch min/max range too flat,20260648,1.0
False,ME-DQAS,1.5,0.28000000000000014,0.84,0.9920312499999999,search_alpha1.5_seed20260648,0.012343750000000098,14,DQAS: loss curve too flat; DQAS: batch min/max range too flat; ME-DQAS: loss curve too flat; ME-DQAS: batch min/max range too flat,20260648,0.5796975491048149
False,DQAS,2.0,0.29999999999999993,0.84,0.990188679245283,search_alpha2_seed20260648,0.010436320754717121,9,DQAS: loss curve too flat; DQAS: batch min/max range too flat; ME-DQAS: loss curve too flat; ME-DQAS: batch min/max range too flat,20260648,1.0
False,ME-DQAS,2.0,0.29999999999999993,0.84,0.9918750000000001,search_alpha2_seed20260648,0.012812499999999893,14,DQAS: loss curve too flat; DQAS: batch min/max range too flat; ME-DQAS: loss curve too flat; ME-DQAS: batch min/max range too flat,20260648,0.579747935680139
False,DQAS,1.5,0.16000000000000003,0.92,1.00140625,search_alpha1.5_seed20260649,0.0032812500000001243,9,DQAS: loss curve too flat; DQAS: batch min/max range too flat; ME-DQAS: loss curve too flat; ME-DQAS: batch min/max range too flat,20260649,1.0
False,ME-DQAS,1.5,0.16000000000000003,0.92,0.99390625,search_alpha1.5_seed20260649,0.007187499999999902,14,DQAS: loss curve too flat; DQAS: batch min/max range too flat; ME-DQAS: loss curve too flat; ME-DQAS: batch min/max range too flat,20260649,0.5823514122335817
False,DQAS,2.0,0.15999999999999992,0.98,1.009375,search_alpha2_seed20260649,0.007500000000000284,9,DQAS: loss curve too flat; DQAS: batch min/max range too flat; ME-DQAS: loss curve too flat; ME-DQAS: batch min/max range too flat,20260649,1.0
False,ME-DQAS,2.0,0.15999999999999992,0.98,1.0067187499999999,search_alpha2_seed20260649,0.008593750000000178,14,DQAS: loss curve too flat; DQAS: batch min/max range too flat; ME-DQAS: loss curve too flat; ME-DQAS: batch min/max range too flat,20260649,0.5824304411892173
True,DQAS,1.5,0.48,2.52,2.8943749999999997,search_alpha1.5_seed20260650,0.037031250000000515,9,,20260650,1.0
True,ME-DQAS,1.5,0.54,2.46,2.8810937500000002,search_alpha1.5_seed20260650,0.05046874999999984,14,,20260650,0.5854144987859868
True,DQAS,2.0,0.7999999999999998,3.2,3.777413793103449,search_alpha2_seed20260650,0.1019612068965512,9,,20260650,1.0
True,ME-DQAS,2.0,0.98,3.02,3.71953125,search_alpha2_seed20260650,0.15984374999999984,14,,20260650,0.5876556016597511
True,DQAS,1.5,0.6000000000000003,1.64,1.9470909090909092,search_alpha1.5_seed20260651,0.03056534090909091,9,,20260651,1.0
True,ME-DQAS,1.5,0.6800000000000002,1.56,1.9329687500000001,search_alpha1.5_seed20260651,0.04531250000000009,14,,20260651,0.5893973601945119
True,DQAS,2.0,1.2000000000000002,2.96,3.711515151515151,search_alpha2_seed20260651,0.10968750000000016,9,,20260651,1.0
True,ME-DQAS,2.0,1.2400000000000002,2.92,3.6224999999999996,search_alpha2_seed20260651,0.16812499999999986,14,,20260651,0.5952545595989281
False,DQAS,1.5,0.36,0.0,0.042031250000000006,search_alpha1.5_seed20260652,0.021562500000000005,9,DQAS: loss curve too flat; DQAS: batch min/max range too flat; DQAS: solved too easily; ME-DQAS: batch min/max range too flat; ME-DQAS: solved too easily,20260652,1.0
False,ME-DQAS,1.5,0.36,0.0,0.0278125,search_alpha1.5_seed20260652,0.033125,16,DQAS: loss curve too flat; DQAS: batch min/max range too flat; DQAS: solved too easily; ME-DQAS: batch min/max range too flat; ME-DQAS: solved too easily,20260652,0.5155713304327914
False,DQAS,2.0,0.46,0.0,0.08109374999999999,search_alpha2_seed20260652,0.0325,9,DQAS: solved too easily; ME-DQAS: solved too easily,20260652,1.0
False,ME-DQAS,2.0,0.46,0.0,0.060312500000000005,search_alpha2_seed20260652,0.052968749999999995,14,DQAS: solved too easily; ME-DQAS: solved too easily,20260652,0.5793918918918919
True,DQAS,1.5,0.45999999999999996,2.68,2.9390624999999995,search_alpha1.5_seed20260653,0.032500000000000195,9,,20260653,1.0
True,ME-DQAS,1.5,0.5800000000000001,2.56,2.90140625,search_alpha1.5_seed20260653,0.057031249999999645,14,,20260653,0.5839419231438011
True,DQAS,2.0,0.7199999999999998,4.28,4.83578125,search_alpha2_seed20260653,0.07796875000000014,9,,20260653,1.0
True,ME-DQAS,2.0,1.0,4.0,4.6889062500000005,search_alpha2_seed20260653,0.20734374999999972,14,,20260653,0.5864867210553724
False,DQAS,1.5,0.28,0.0,0.056093750000000005,search_alpha1.5_seed20260654,0.020937500000000005,9,DQAS: loss curve too flat; DQAS: batch min/max range too flat; DQAS: solved too easily; ME-DQAS: batch min/max range too flat; ME-DQAS: solved too easily,20260654,1.0
False,ME-DQAS,1.5,0.28,0.0,0.046406249999999996,search_alpha1.5_seed20260654,0.030468749999999996,14,DQAS: loss curve too flat; DQAS: batch min/max range too flat; DQAS: solved too easily; ME-DQAS: batch min/max range too flat; ME-DQAS: solved too easily,20260654,0.5872732030704815
False,DQAS,2.0,0.34,0.0,0.07250000000000001,search_alpha2_seed20260654,0.022343749999999996,9,DQAS: loss curve too flat; DQAS: batch min/max range too flat; DQAS: solved too easily; ME-DQAS: batch min/max range too flat; ME-DQAS: solved too easily,20260654,1.0
False,ME-DQAS,2.0,0.34,0.0,0.06296875,search_alpha2_seed20260654,0.033437499999999995,14,DQAS: loss curve too flat; DQAS: batch min/max range too flat; DQAS: solved too easily; ME-DQAS: batch min/max range too flat; ME-DQAS: solved too easily,20260654,0.5866055846422339
True,DQAS,1.5,0.6200000000000001,1.44,1.87390625,search_alpha1.5_seed20260655,0.061718750000000044,9,,20260655,1.0
True,ME-DQAS,1.5,0.9200000000000002,1.14,1.79984375,search_alpha1.5_seed20260655,0.14250000000000007,14,,20260655,0.5797562037440139
True,DQAS,2.0,1.08,2.14,2.80375,search_alpha2_seed20260655,0.11640624999999982,9,,20260655,1.0
True,ME-DQAS,2.0,1.2800000000000002,1.94,2.6985937499999997,search_alpha2_seed20260655,0.22328124999999988,14,,20260655,0.5816797214969539
False,DQAS,1.5,0.2,0.0,0.024843749999999998,search_alpha1.5_seed20260656,0.011250000000000003,9,DQAS: loss curve too flat; DQAS: batch min/max range too flat; DQAS: solved too easily; ME-DQAS: loss curve too flat; ME-DQAS: batch min/max range too flat; ME-DQAS: solved too easily,20260656,1.0
False,ME-DQAS,1.5,0.2,0.0,0.02453125,search_alpha1.5_seed20260656,0.012343749999999997,14,DQAS: loss curve too flat; DQAS: batch min/max range too flat; DQAS: solved too easily; ME-DQAS: loss curve too flat; ME-DQAS: batch min/max range too flat; ME-DQAS: solved too easily,20260656,0.5856149500217297
True,DQAS,2.0,0.4600000000000002,1.7,1.96859375,search_alpha2_seed20260656,0.030781250000000204,9,,20260656,1.0
True,ME-DQAS,2.0,0.4800000000000002,1.68,1.94625,search_alpha2_seed20260656,0.05328124999999995,14,,20260656,0.58671875
True,DQAS,1.5,0.7400000000000001,0.82,1.038918918918919,search_alpha1.5_seed20260657,0.042031249999999964,9,,20260657,1.0
True,ME-DQAS,1.5,0.7400000000000001,0.82,1.00828125,search_alpha1.5_seed20260657,0.06328124999999996,14,,20260657,0.5831167706167706
True,DQAS,2.0,0.78,1.7,1.9928125,search_alpha2_seed20260657,0.05828125000000006,9,,20260657,1.0
True,ME-DQAS,2.0,0.8400000000000001,1.64,1.93515625,search_alpha2_seed20260657,0.11640625000000027,14,,20260657,0.5840038065576607
False,DQAS,1.5,0.33999999999999997,0.84,0.9815625000000001,search_alpha1.5_seed20260658,0.015000000000000124,9,DQAS: loss curve too flat; DQAS: batch min/max range too flat; ME-DQAS: loss curve too flat; ME-DQAS: batch min/max range too flat,20260658,1.0
False,ME-DQAS,1.5,0.3799999999999999,0.8,0.96390625,search_alpha1.5_seed20260658,0.028437500000000115,16,DQAS: loss curve too flat; DQAS: batch min/max range too flat; ME-DQAS: loss curve too flat; ME-DQAS: batch min/max range too flat,20260658,0.5156909383871711
False,DQAS,2.0,0.44000000000000006,0.84,0.9979687500000001,search_alpha2_seed20260658,0.028124999999999956,9,DQAS: loss curve too flat,20260658,1.0
False,ME-DQAS,2.0,0.4800000000000001,0.82,0.98734375,search_alpha2_seed20260658,0.04312499999999986,14,DQAS: loss curve too flat,20260658,0.5873347251217815
False,DQAS,1.5,0.28,0.0,0.050156250000000006,search_alpha1.5_seed20260659,0.02062500000000001,9,DQAS: loss curve too flat; DQAS: batch min/max range too flat; DQAS: solved too easily; ME-DQAS: batch min/max range too flat; ME-DQAS: solved too easily,20260659,1.0
False,ME-DQAS,1.5,0.28,0.0,0.03671875,search_alpha1.5_seed20260659,0.03421875000000001,14,DQAS: loss curve too flat; DQAS: batch min/max range too flat; DQAS: solved too easily; ME-DQAS: batch min/max range too flat; ME-DQAS: solved too easily,20260659,0.5824526159489912
False,DQAS,2.0,0.38,0.84,1.0084374999999999,search_alpha2_seed20260659,0.016249999999999876,9,DQAS: loss curve too flat; DQAS: batch min/max range too flat; ME-DQAS: loss curve too flat; ME-DQAS: batch min/max range too flat,20260659,1.0
False,ME-DQAS,2.0,0.36,0.86,0.99609375,search_alpha2_seed20260659,0.02562500000000001,14,DQAS: loss curve too flat; DQAS: batch min/max range too flat; ME-DQAS: loss curve too flat; ME-DQAS: batch min/max range too flat,20260659,0.5831733286786525
True,DQAS,1.5,1.0,2.32,2.779583333333333,search_alpha1.5_seed20260660,0.1533854166666666,9,,20260660,1.0
True,ME-DQAS,1.5,1.3199999999999998,2.0,2.6899999999999995,search_alpha1.5_seed20260660,0.2435937500000005,14,,20260660,0.5883396814404432
True,DQAS,2.0,1.7199999999999998,2.84,3.6639130434782605,search_alpha2_seed20260660,0.26796195652173926,9,,20260660,1.0
True,ME-DQAS,2.0,2.3799999999999994,2.18,3.39140625,search_alpha2_seed20260660,0.5396874999999999,14,,20260660,0.5893968199101279
True,DQAS,1.5,0.54,1.58,1.9167187499999998,search_alpha1.5_seed20260661,0.04703124999999986,9,,20260661,1.0
True,ME-DQAS,1.5,0.6200000000000001,1.5,1.8921875000000001,search_alpha1.5_seed20260661,0.08843750000000017,14,,20260661,0.5844850065189048
True,DQAS,2.0,1.0,2.06,2.76953125,search_alpha2_seed20260661,0.12968750000000018,9,,20260661,1.0
True,ME-DQAS,2.0,1.34,1.72,2.64921875,search_alpha2_seed20260661,0.31890624999999995,14,,20260661,0.5873298066082734
True,DQAS,1.5,0.7000000000000002,2.48,2.8865625,search_alpha1.5_seed20260662,0.07671875000000039,9,,20260662,1.0
True,ME-DQAS,1.5,0.98,2.22,2.8040625,search_alpha1.5_seed20260662,0.15203125000000028,14,,20260662,0.5805761676123964
True,DQAS,2.0,0.7400000000000002,2.46,2.8896875,search_alpha2_seed20260662,0.07749999999999968,9,,20260662,1.0
True,ME-DQAS,2.0,1.0,2.2,2.808125,search_alpha2_seed20260662,0.15203124999999984,14,,20260662,0.5804296567985329
True,DQAS,1.5,0.9600000000000002,1.7,1.95953125,search_alpha1.5_seed20260663,0.0887500000000001,9,,20260663,1.0
True,ME-DQAS,1.5,1.04,1.62,1.9318750000000002,search_alpha1.5_seed20260663,0.11656249999999968,14,,20260663,0.5801346506951124
True,DQAS,2.0,0.8800000000000001,1.84,2.0484375,search_alpha2_seed20260663,0.08234375000000016,9,,20260663,1.0
True,ME-DQAS,2.0,0.9000000000000001,1.82,2.0278571428571426,search_alpha2_seed20260663,0.10796874999999995,15,,20260663,0.5775635407537248
False,DQAS,1.5,0.46,0.0,0.0740625,search_alpha1.5_seed20260664,0.0228125,9,DQAS: loss curve too flat; DQAS: solved too easily; ME-DQAS: solved too easily,20260664,1.0
False,ME-DQAS,1.5,0.48,0.0,0.055156250000000004,search_alpha1.5_seed20260664,0.03328125,14,DQAS: loss curve too flat; DQAS: solved too easily; ME-DQAS: solved too easily,20260664,0.5782760121898128
False,DQAS,2.0,0.8,0.0,0.10562500000000001,search_alpha2_seed20260664,0.056249999999999994,9,DQAS: solved too easily; ME-DQAS: solved too easily,20260664,1.0
False,ME-DQAS,2.0,0.8,0.0,0.07843750000000002,search_alpha2_seed20260664,0.079375,14,DQAS: solved too easily; ME-DQAS: solved too easily,20260664,0.5768996165911467
True,DQAS,1.5,2.1199999999999997,3.02,4.17921875,search_alpha1.5_seed20260665,0.5007812499999993,9,,20260665,1.0
True,ME-DQAS,1.5,2.9599999999999995,2.18,3.62609375,search_alpha1.5_seed20260665,1.0546875,14,,20260665,0.5985275010827198
True,DQAS,2.0,2.6799999999999997,3.46,4.87109375,search_alpha2_seed20260665,0.7759374999999995,9,,20260665,1.0
True,ME-DQAS,2.0,3.8,2.34,3.67265625,search_alpha2_seed20260665,1.9745312499999992,14,,20260665,0.6026561688873507
True,DQAS,1.5,0.6599999999999999,0.54,0.9537500000000001,search_alpha1.5_seed20260666,0.04031249999999997,9,,20260666,1.0
True,ME-DQAS,1.5,0.72,0.48,0.9178124999999999,search_alpha1.5_seed20260666,0.07656250000000009,14,,20260666,0.5895775382475661
True,DQAS,2.0,0.6599999999999999,0.54,0.95421875,search_alpha2_seed20260666,0.040156250000000004,9,,20260666,1.0
True,ME-DQAS,2.0,0.72,0.48,0.9195312499999999,search_alpha2_seed20260666,0.07515625000000026,14,,20260666,0.589490611961057
True,DQAS,1.5,0.58,0.9,1.00875,search_alpha1.5_seed20260667,0.05343750000000003,9,,20260667,1.0
True,ME-DQAS,1.5,0.62,0.86,0.99140625,search_alpha1.5_seed20260667,0.07062499999999994,14,,20260667,0.5786391042204996
True,DQAS,2.0,0.72,1.76,1.952,search_alpha2_seed20260667,0.08206250000000015,9,,20260667,1.0
True,ME-DQAS,2.0,0.8200000000000001,1.66,1.9449999999999998,search_alpha2_seed20260667,0.08953125000000073,14,,20260667,0.5798485630700396
True,DQAS,1.5,0.5800000000000003,1.66,1.9598305084745762,search_alpha1.5_seed20260668,0.030950741525423764,9,,20260668,1.0
True,ME-DQAS,1.5,0.6000000000000003,1.64,1.93796875,search_alpha1.5_seed20260668,0.05374999999999974,14,,20260668,0.5848983124188663
True,DQAS,2.0,0.8200000000000001,1.64,1.986875,search_alpha2_seed20260668,0.05703125000000009,9,,20260668,1.0
True,ME-DQAS,2.0,0.8200000000000001,1.64,1.95890625,search_alpha2_seed20260668,0.08578125000000014,14,,20260668,0.5837952537675385
False,DQAS,1.5,0.28,0.98,1.03921875,search_alpha1.5_seed20260669,0.012187500000000018,9,DQAS: loss curve too flat; DQAS: batch min/max range too flat; ME-DQAS: loss curve too flat; ME-DQAS: batch min/max range too flat,20260669,1.0
False,ME-DQAS,1.5,0.28,0.98,1.0348437499999998,search_alpha1.5_seed20260669,0.019999999999999796,14,DQAS: loss curve too flat; DQAS: batch min/max range too flat; ME-DQAS: loss curve too flat; ME-DQAS: batch min/max range too flat,20260669,0.5897502827808231
False,DQAS,2.0,0.2400000000000002,1.96,2.0268749999999995,search_alpha2_seed20260669,0.016406249999999734,9,DQAS: loss curve too flat; DQAS: batch min/max range too flat; ME-DQAS: loss curve too flat; ME-DQAS: batch min/max range too flat,20260669,1.0
False,ME-DQAS,2.0,0.2400000000000002,1.96,2.0268749999999995,search_alpha2_seed20260669,0.01843749999999922,14,DQAS: loss curve too flat; DQAS: batch min/max range too flat; ME-DQAS: loss curve too flat; ME-DQAS: batch min/max range too flat,20260669,0.5901539532051839
False,DQAS,1.5,0.42,0.0,0.0459375,search_alpha1.5_seed20260670,0.025000000000000015,9,DQAS: loss curve too flat; DQAS: solved too easily; ME-DQAS: solved too easily,20260670,1.0
False,ME-DQAS,1.5,0.42,0.0,0.028125000000000004,search_alpha1.5_seed20260670,0.04203125,14,DQAS: loss curve too flat; DQAS: solved too easily; ME-DQAS: solved too easily,20260670,0.5798547300253785
True,DQAS,2.0,0.6199999999999999,0.76,1.0128125000000001,search_alpha2_seed20260670,0.043906249999999813,9,,20260670,1.0
True,ME-DQAS,2.0,0.6399999999999999,0.74,0.985625,search_alpha2_seed20260670,0.07078125000000002,14,,20260670,0.5810598111227702
False,DQAS,1.5,0.2600000000000001,0.84,0.99796875,search_alpha1.5_seed20260671,0.0048437499999999245,9,DQAS: loss curve too flat; DQAS: batch min/max range too flat; ME-DQAS: loss curve too flat; ME-DQAS: batch min/max range too flat,20260671,1.0
False,ME-DQAS,1.5,0.2600000000000001,0.84,0.99078125,search_alpha1.5_seed20260671,0.010781249999999964,14,DQAS: loss curve too flat; DQAS: batch min/max range too flat; ME-DQAS: loss curve too flat; ME-DQAS: batch min/max range too flat,20260671,0.5799618816598805
False,DQAS,2.0,0.2600000000000001,0.84,0.9984375,search_alpha2_seed20260671,0.005156250000000195,9,DQAS: loss curve too flat; DQAS: batch min/max range too flat; ME-DQAS: loss curve too flat; ME-DQAS: batch min/max range too flat,20260671,1.0
False,ME-DQAS,2.0,0.2600000000000001,0.84,0.9909374999999999,search_alpha2_seed20260671,0.010156250000000089,14,DQAS: loss curve too flat; DQAS: batch min/max range too flat; ME-DQAS: loss curve too flat; ME-DQAS: batch min/max range too flat,20260671,0.5800485142510613
False,DQAS,1.5,0.78,0.0,0.11171875000000002,search_alpha1.5_seed20260672,0.14859374999999997,9,DQAS: solved too easily; ME-DQAS: solved too easily,20260672,1.0
False,ME-DQAS,1.5,0.78,0.0,0.08375000000000002,search_alpha1.5_seed20260672,0.17171875,14,DQAS: solved too easily; ME-DQAS: solved too easily,20260672,0.5800632077956281
False,DQAS,2.0,0.74,0.0,0.11078125,search_alpha2_seed20260672,0.1509375,9,DQAS: solved too easily; ME-DQAS: solved too easily,20260672,1.0
False,ME-DQAS,2.0,0.76,0.0,0.085625,search_alpha2_seed20260672,0.17328125,14,DQAS: solved too easily; ME-DQAS: solved too easily,20260672,0.5802897278314311
False,DQAS,1.5,0.31999999999999995,0.84,0.9799999999999999,search_alpha1.5_seed20260673,0.016406250000000067,9,DQAS: loss curve too flat; DQAS: batch min/max range too flat; ME-DQAS: loss curve too flat; ME-DQAS: batch min/max range too flat,20260673,1.0
False,ME-DQAS,1.5,0.3599999999999999,0.8,0.984375,search_alpha1.5_seed20260673,0.020000000000000018,14,DQAS: loss curve too flat; DQAS: batch min/max range too flat; ME-DQAS: loss curve too flat; ME-DQAS: batch min/max range too flat,20260673,0.5806910218852318
True,DQAS,2.0,0.44000000000000006,0.82,1.0077419354838713,search_alpha2_seed20260673,0.03413306451612885,9,,20260673,1.0
True,ME-DQAS,2.0,0.48,0.78,1.0146875,search_alpha2_seed20260673,0.03734375000000023,14,,20260673,0.579789528163547
True,DQAS,1.5,0.5399999999999999,0.9,1.06015625,search_alpha1.5_seed20260674,0.03953125000000002,9,,20260674,1.0
True,ME-DQAS,1.5,0.58,0.86,1.03859375,search_alpha1.5_seed20260674,0.05578124999999989,14,,20260674,0.5824171029668412
True,DQAS,2.0,0.7,1.74,2.0267187499999997,search_alpha2_seed20260674,0.05375000000000041,9,,20260674,1.0
True,ME-DQAS,2.0,0.76,1.68,1.99421875,search_alpha2_seed20260674,0.08765624999999977,14,,20260674,0.5829625752420832
True,DQAS,1.5,0.7999999999999999,0.68,0.9450000000000001,search_alpha1.5_seed20260675,0.08796874999999993,9,,20260675,1.0
True,ME-DQAS,1.5,0.82,0.66,0.9264062500000001,search_alpha1.5_seed20260675,0.10624999999999996,14,,20260675,0.5796072242679292
True,DQAS,2.0,1.02,0.68,0.9923437500000001,search_alpha2_seed20260675,0.1428125,9,,20260675,1.0
True,ME-DQAS,2.0,1.04,0.66,0.9723456790123457,search_alpha2_seed20260675,0.1620293209876542,15,,20260675,0.575796122466883
True,DQAS,1.5,0.6200000000000001,1.46,1.87203125,search_alpha1.5_seed20260676,0.05937500000000018,9,,20260676,1.0
True,ME-DQAS,1.5,0.6600000000000001,1.42,1.85296875,search_alpha1.5_seed20260676,0.07609374999999985,14,,20260676,0.5890422853173569
True,DQAS,2.0,0.6000000000000001,1.46,1.8796875000000002,search_alpha2_seed20260676,0.057812500000000044,9,,20260676,1.0
True,ME-DQAS,2.0,0.6200000000000001,1.44,1.8671875,search_alpha2_seed20260676,0.06234374999999992,14,,20260676,0.58900659951372
True,DQAS,1.5,0.7400000000000001,0.88,1.0311666666666668,search_alpha1.5_seed20260677,0.07305208333333324,9,,20260677,1.0
True,ME-DQAS,1.5,0.7600000000000001,0.86,1.02,search_alpha1.5_seed20260677,0.08546874999999998,14,,20260677,0.5809428893318311
True,DQAS,2.0,0.7400000000000001,0.88,1.0311666666666668,search_alpha2_seed20260677,0.07305208333333324,9,,20260677,1.0
True,ME-DQAS,2.0,0.7600000000000001,0.86,1.0196875,search_alpha2_seed20260677,0.08578124999999992,14,,20260677,0.5809428893318311
True,DQAS,1.5,0.6400000000000001,1.48,1.9086206896551725,search_alpha1.5_seed20260678,0.035937499999999956,9,,20260678,1.0
True,ME-DQAS,1.5,0.6400000000000001,1.48,1.855625,search_alpha1.5_seed20260678,0.07765624999999976,14,,20260678,0.5917482881164947
True,DQAS,2.0,0.8799999999999999,3.2,3.7399999999999998,search_alpha2_seed20260678,0.1120312499999998,9,,20260678,1.0
True,ME-DQAS,2.0,1.04,3.04,3.60875,search_alpha2_seed20260678,0.24281249999999988,14,,20260678,0.5930694780504666
True,DQAS,1.5,0.5199999999999999,0.62,0.87890625,search_alpha1.5_seed20260679,0.06265625000000008,9,,20260679,1.0
True,ME-DQAS,1.5,0.7,0.5,0.89296875,search_alpha1.5_seed20260679,0.06499999999999995,14,,20260679,0.5883805562776189
True,DQAS,2.0,0.6,0.62,0.9137500000000001,search_alpha2_seed20260679,0.05109374999999994,9,,20260679,1.0
True,ME-DQAS,2.0,0.62,0.6,0.93,search_alpha2_seed20260679,0.051718750000000036,14,,20260679,0.5872334893395735
False,DQAS,1.5,0.36,0.0,0.05810344827586207,search_alpha1.5_seed20260680,0.040625,9,DQAS: batch min/max range too flat; DQAS: solved too easily; ME-DQAS: batch min/max range too flat; ME-DQAS: solved too easily,20260680,1.0
False,ME-DQAS,1.5,0.36,0.0,0.0509375,search_alpha1.5_seed20260680,0.04140624999999999,14,DQAS: batch min/max range too flat; DQAS: solved too easily; ME-DQAS: batch min/max range too flat; ME-DQAS: solved too easily,20260680,0.5784627356043576
True,DQAS,2.0,0.7399999999999999,0.66,0.9866037735849057,search_alpha2_seed20260680,0.05011497641509444,9,,20260680,1.0
True,ME-DQAS,2.0,0.7999999999999999,0.6,0.9685937499999999,search_alpha2_seed20260680,0.06781250000000028,14,,20260680,0.5797445412962803
False,DQAS,1.5,0.42,0.0,0.09750000000000002,search_alpha1.5_seed20260681,0.030937499999999993,9,DQAS: solved too easily; ME-DQAS: solved too easily,20260681,1.0
False,ME-DQAS,1.5,0.42,0.0,0.06656250000000001,search_alpha1.5_seed20260681,0.061562500000000006,14,DQAS: solved too easily; ME-DQAS: solved too easily,20260681,0.579394837809557
True,DQAS,2.0,0.7,1.86,2.0518750000000003,search_alpha2_seed20260681,0.06546874999999952,9,,20260681,1.0
True,ME-DQAS,2.0,0.72,1.84,2.03203125,search_alpha2_seed20260681,0.0848437500000001,14,,20260681,0.5798989282913654
False,DQAS,1.5,0.16000000000000003,0.92,0.9938983050847457,search_alpha1.5_seed20260682,0.004218750000000049,9,DQAS: loss curve too flat; DQAS: batch min/max range too flat; ME-DQAS: loss curve too flat; ME-DQAS: batch min/max range too flat,20260682,1.0
False,ME-DQAS,1.5,0.18000000000000005,0.9,0.9924999999999999,search_alpha1.5_seed20260682,0.010624999999999885,14,DQAS: loss curve too flat; DQAS: batch min/max range too flat; ME-DQAS: loss curve too flat; ME-DQAS: batch min/max range too flat,20260682,0.5759103154601547
False,DQAS,2.0,0.28,1.84,1.9825423728813558,search_alpha2_seed20260682,0.008707627118644146,9,DQAS: loss curve too flat; DQAS: batch min/max range too flat; ME-DQAS: loss curve too flat; ME-DQAS: batch min/max range too flat,20260682,1.0
False,ME-DQAS,2.0,0.26,1.8,1.9721875,search_alpha2_seed20260682,0.021718749999999787,14,DQAS: loss curve too flat; DQAS: batch min/max range too flat; ME-DQAS: loss curve too flat; ME-DQAS: batch min/max range too flat,20260682,0.5763183042307358
True,DQAS,1.5,1.6600000000000001,1.08,1.8690624999999998,search_alpha1.5_seed20260683,0.16562500000000013,9,,20260683,1.0
True,ME-DQAS,1.5,2.0,0.74,1.6875,search_alpha1.5_seed20260683,0.3529687500000005,14,,20260683,0.5800278964344869
True,DQAS,2.0,1.7200000000000002,2.02,2.8306250000000004,search_alpha2_seed20260683,0.17421874999999964,9,,20260683,1.0
True,ME-DQAS,2.0,2.0200000000000005,1.72,2.6521875,search_alpha2_seed20260683,0.35796874999999995,14,,20260683,0.5807645419714386
True,DQAS,1.5,0.54,0.78,0.9903124999999999,search_alpha1.5_seed20260684,0.03249999999999997,9,,20260684,1.0
True,ME-DQAS,1.5,0.5800000000000001,0.74,0.9953125,search_alpha1.5_seed20260684,0.04484374999999985,14,,20260684,0.5819686411149826
True,DQAS,2.0,0.7800000000000002,1.42,1.88015625,search_alpha2_seed20260684,0.054062500000000124,9,,20260684,1.0
True,ME-DQAS,2.0,0.7800000000000002,1.42,1.87828125,search_alpha2_seed20260684,0.0864062499999998,14,,20260684,0.5847965924895688
True,DQAS,1.5,0.6199999999999999,0.78,0.99328125,search_alpha1.5_seed20260685,0.04671874999999992,9,,20260685,1.0
True,ME-DQAS,1.5,0.6199999999999999,0.78,0.9678125,search_alpha1.5_seed20260685,0.05937500000000018,14,,20260685,0.5802291010842953
True,DQAS,2.0,0.76,0.78,0.9976562500000001,search_alpha2_seed20260685,0.06874999999999987,9,,20260685,1.0
True,ME-DQAS,2.0,0.76,0.78,0.974375,search_alpha2_seed20260685,0.07937499999999997,14,,20260685,0.5792949615115466
True,DQAS,1.5,0.7800000000000002,2.44,2.8710937500000004,search_alpha1.5_seed20260686,0.08499999999999952,9,,20260686,1.0
True,ME-DQAS,1.5,1.08,2.14,2.78578125,search_alpha1.5_seed20260686,0.16984375000000052,14,,20260686,0.57627413463211
True,DQAS,2.0,0.5800000000000001,2.64,2.96015625,search_alpha2_seed20260686,0.04562500000000025,9,,20260686,1.0
True,ME-DQAS,2.0,0.6600000000000001,2.56,2.854,search_alpha2_seed20260686,0.15115624999999966,15,,20260686,0.5744903293256665
False,DQAS,1.5,0.72,0.0,0.12046875000000001,search_alpha1.5_seed20260687,0.078125,9,DQAS: solved too easily; ME-DQAS: solved too easily,20260687,1.0
False,ME-DQAS,1.5,0.72,0.0,0.11640625000000002,search_alpha1.5_seed20260687,0.08640624999999999,14,DQAS: solved too easily; ME-DQAS: solved too easily,20260687,0.5794612501089704
False,DQAS,2.0,0.78,0.0,0.13875,search_alpha2_seed20260687,0.09984375000000001,9,DQAS: solved too easily; ME-DQAS: solved too easily,20260687,1.0
False,ME-DQAS,2.0,0.78,0.0,0.12531250000000002,search_alpha2_seed20260687,0.11328124999999999,14,DQAS: solved too easily; ME-DQAS: solved too easily,20260687,0.5783689489751417
False,DQAS,1.5,0.7599999999999999,0.66,1.01171875,search_alpha1.5_seed20260688,0.027812499999999796,9,DQAS: loss curve too flat,20260688,1.0
False,ME-DQAS,1.5,0.7999999999999999,0.62,0.981875,search_alpha1.5_seed20260688,0.057656249999999964,14,DQAS: loss curve too flat,20260688,0.5843305092147786
False,DQAS,2.0,0.7999999999999999,0.66,1.01375,search_alpha2_seed20260688,0.027500000000000302,9,DQAS: loss curve too flat,20260688,1.0
False,ME-DQAS,2.0,0.84,0.62,0.9837500000000001,search_alpha2_seed20260688,0.057656249999999964,14,DQAS: loss curve too flat,20260688,0.5841558214691239
True,DQAS,1.5,1.5,2.5,3.57203125,search_alpha1.5_seed20260689,0.22828124999999977,9,,20260689,1.0
True,ME-DQAS,1.5,1.7999999999999998,2.2,3.3362499999999997,search_alpha1.5_seed20260689,0.46421875000000057,14,,20260689,0.5872946901885808
True,DQAS,2.0,2.68,3.32,5.0639062500000005,search_alpha2_seed20260689,0.5954687500000002,9,,20260689,1.0
True,ME-DQAS,2.0,3.24,2.76,4.238125,search_alpha2_seed20260689,1.4210937500000007,14,,20260689,0.5966208625010803
True,DQAS,1.5,0.8999999999999999,2.1,2.773076923076923,search_alpha1.5_seed20260690,0.08114182692307681,9,,20260690,1.0
True,ME-DQAS,1.5,1.16,1.84,2.67734375,search_alpha1.5_seed20260690,0.18890625000000005,14,,20260690,0.5966059673420535
True,DQAS,2.0,1.42,2.58,3.6015625,search_alpha2_seed20260690,0.16906250000000034,8,,20260690,1.0
True,ME-DQAS,2.0,2.2199999999999998,1.78,3.1121875,search_alpha2_seed20260690,0.6585937500000001,14,,20260690,0.6013363976847123
False,DQAS,1.5,0.3799999999999999,0.76,0.9750000000000001,search_alpha1.5_seed20260691,0.016718750000000004,9,DQAS: loss curve too flat; DQAS: batch min/max range too flat,20260691,1.0
False,ME-DQAS,1.5,0.43999999999999995,0.72,0.9678125,search_alpha1.5_seed20260691,0.03671875000000013,14,DQAS: loss curve too flat; DQAS: batch min/max range too flat,20260691,0.5878958785249457
True,DQAS,2.0,0.5999999999999999,0.78,1.007818181818182,search_alpha2_seed20260691,0.03733806818181806,9,,20260691,1.0
True,ME-DQAS,2.0,0.6399999999999999,0.74,0.9985937500000001,search_alpha2_seed20260691,0.06093749999999998,14,,20260691,0.5867922889892324
True,DQAS,1.5,0.6400000000000001,2.36,2.8225,search_alpha1.5_seed20260692,0.06406249999999947,9,,20260692,1.0
True,ME-DQAS,1.5,0.8199999999999998,2.18,2.7876562500000004,search_alpha1.5_seed20260692,0.12671874999999977,14,,20260692,0.5900207540643376
True,DQAS,2.0,0.7600000000000002,2.36,2.8653125,search_alpha2_seed20260692,0.05484374999999986,9,,20260692,1.0
True,ME-DQAS,2.0,0.96,2.16,2.828125,search_alpha2_seed20260692,0.10890624999999998,14,,20260692,0.5878892733564014
False,DQAS,1.5,0.32,0.0,0.0280952380952381,search_alpha1.5_seed20260693,0.021718750000000002,9,DQAS: loss curve too flat; DQAS: batch min/max range too flat; DQAS: solved too easily; ME-DQAS: batch min/max range too flat; ME-DQAS: solved too easily,20260693,1.0
False,ME-DQAS,1.5,0.32,0.0,0.018437500000000002,search_alpha1.5_seed20260693,0.03265625,14,DQAS: loss curve too flat; DQAS: batch min/max range too flat; DQAS: solved too easily; ME-DQAS: batch min/max range too flat; ME-DQAS: solved too easily,20260693,0.5871496334626994
False,DQAS,2.0,0.48,0.0,0.03421052631578947,search_alpha2_seed20260693,0.030937499999999993,9,DQAS: solved too easily; ME-DQAS: solved too easily,20260693,1.0
False,ME-DQAS,2.0,0.48,0.0,0.018593750000000003,search_alpha2_seed20260693,0.04781250000000001,14,DQAS: solved too easily; ME-DQAS: solved too easily,20260693,0.586652871184687
False,DQAS,1.5,0.48,1.62,1.9371428571428573,search_alpha1.5_seed20260694,0.021874999999999645,9,DQAS: loss curve too flat,20260694,1.0
False,ME-DQAS,1.5,0.52,1.58,1.88765625,search_alpha1.5_seed20260694,0.05859375,14,DQAS: loss curve too flat,20260694,0.5824227824141788
False,DQAS,2.0,0.3800000000000001,1.82,1.9869565217391303,search_alpha2_seed20260694,0.018281250000000027,9,DQAS: loss curve too flat; DQAS: batch min/max range too flat; ME-DQAS: loss curve too flat,20260694,1.0
False,ME-DQAS,2.0,0.44000000000000017,1.76,1.96453125,search_alpha2_seed20260694,0.02953125000000001,14,DQAS: loss curve too flat; DQAS: batch min/max range too flat; ME-DQAS: loss curve too flat,20260694,0.5815446944228946
True,DQAS,1.5,0.43999999999999995,0.7,0.9618181818181818,search_alpha1.5_seed20260695,0.030781249999999982,9,,20260695,1.0
True,ME-DQAS,1.5,0.4999999999999999,0.64,0.9337500000000001,search_alpha1.5_seed20260695,0.053593749999999885,14,,20260695,0.5922652410106062
True,DQAS,2.0,0.6600000000000001,1.56,1.9276470588235295,search_alpha2_seed20260695,0.05249999999999999,9,,20260695,1.0
True,ME-DQAS,2.0,0.7000000000000002,1.52,1.885625,search_alpha2_seed20260695,0.08499999999999996,14,,20260695,0.5928159186837798
True,DQAS,1.5,0.8199999999999998,1.48,1.90390625,search_alpha1.5_seed20260696,0.06781250000000028,9,,20260696,1.0
True,ME-DQAS,1.5,0.9599999999999997,1.34,1.879375,search_alpha1.5_seed20260696,0.0996874999999997,14,,20260696,0.5832610581092801
True,DQAS,2.0,1.62,3.66,4.6221875,search_alpha2_seed20260696,0.2510937499999999,9,,20260696,1.0
True,ME-DQAS,2.0,2.24,3.04,4.38578125,search_alpha2_seed20260696,0.48593749999999947,14,,20260696,0.589483235395783
True,DQAS,1.5,0.6400000000000001,1.54,1.9493999999999998,search_alpha1.5_seed20260697,0.03499999999999992,9,,20260697,1.0
True,ME-DQAS,1.5,0.7000000000000002,1.48,1.91609375,search_alpha1.5_seed20260697,0.09281250000000019,14,,20260697,0.5885059466967618
True,DQAS,2.0,1.1,2.08,2.8490909090909096,search_alpha2_seed20260697,0.08906250000000027,9,,20260697,1.0
True,ME-DQAS,2.0,1.1,2.08,2.74078125,search_alpha2_seed20260697,0.24156250000000012,14,,20260697,0.5915163081193615
False,DQAS,1.5,0.54,0.0,0.09999999999999999,search_alpha1.5_seed20260698,0.03484374999999999,9,DQAS: solved too easily; ME-DQAS: solved too easily,20260698,1.0
False,ME-DQAS,1.5,0.54,0.0,0.04546875,search_alpha1.5_seed20260698,0.05890625000000001,14,DQAS: solved too easily; ME-DQAS: solved too easily,20260698,0.5729229705195815
True,DQAS,2.0,0.6799999999999999,0.98,1.1123076923076924,search_alpha2_seed20260698,0.07250000000000001,9,,20260698,1.0
True,ME-DQAS,2.0,0.7,0.96,1.0733333333333335,search_alpha2_seed20260698,0.11874999999999991,15,,20260698,0.5710576423749351
True,DQAS,1.5,0.8799999999999999,2.18,2.8478125,search_alpha1.5_seed20260699,0.0848437500000001,9,,20260699,1.0
True,ME-DQAS,1.5,0.96,2.1,2.74015625,search_alpha1.5_seed20260699,0.19203125000000032,14,,20260699,0.5874213294249504
True,DQAS,2.0,1.02,2.16,2.861142857142857,search_alpha2_seed20260699,0.09026339285714258,9,,20260699,1.0
True,ME-DQAS,2.0,1.08,2.1,2.75515625,search_alpha2_seed20260699,0.19578125000000002,14,,20260699,0.5873803157077547
True,DQAS,1.5,1.0799999999999998,1.2,1.9053125,search_alpha1.5_seed20260700,0.07000000000000006,9,,20260700,1.0
True,ME-DQAS,1.5,1.2199999999999998,1.08,1.79296875,search_alpha1.5_seed20260700,0.16046874999999994,14,,20260700,0.5808058925476604
True,DQAS,2.0,1.0799999999999998,1.2,1.9056250000000001,search_alpha2_seed20260700,0.0709375000000001,9,,20260700,1.0
True,ME-DQAS,2.0,1.2199999999999998,1.08,1.7928125,search_alpha2_seed20260700,0.16203125000000007,14,,20260700,0.5807192374350086
False,DQAS,1.5,0.3600000000000001,0.94,1.037241379310345,search_alpha1.5_seed20260701,0.011562500000000142,9,DQAS: loss curve too flat; DQAS: batch min/max range too flat; ME-DQAS: loss curve too flat; ME-DQAS: batch min/max range too flat,20260701,1.0
False,ME-DQAS,1.5,0.3600000000000001,0.94,1.0234375,search_alpha1.5_seed20260701,0.020468750000000036,14,DQAS: loss curve too flat; DQAS: batch min/max range too flat; ME-DQAS: loss curve too flat; ME-DQAS: batch min/max range too flat,20260701,0.5836501901140685
False,DQAS,2.0,0.40000000000000013,0.94,1.0438709677419356,search_alpha2_seed20260701,0.017187500000000133,9,DQAS: loss curve too flat; ME-DQAS: loss curve too flat,20260701,1.0
False,ME-DQAS,2.0,0.40000000000000013,0.94,1.0253125,search_alpha2_seed20260701,0.029843749999999725,14,DQAS: loss curve too flat; ME-DQAS: loss curve too flat,20260701,0.5835062240663901
True,DQAS,1.5,0.7000000000000002,1.46,1.8454545454545452,search_alpha1.5_seed20260702,0.07048295454545461,9,,20260702,1.0
True,ME-DQAS,1.5,0.8200000000000001,1.36,1.825,search_alpha1.5_seed20260702,0.0931249999999999,14,,20260702,0.579489611173377
True,DQAS,2.0,1.2800000000000002,2.88,3.7800000000000002,search_alpha2_seed20260702,0.1442187499999994,9,,20260702,1.0
True,ME-DQAS,2.0,1.6,2.56,3.49359375,search_alpha2_seed20260702,0.38968749999999996,14,,20260702,0.5831541835067504
False,DQAS,1.5,0.48,0.0,0.10421875,search_alpha1.5_seed20260703,0.02421875000000001,9,DQAS: loss curve too flat; DQAS: solved too easily; ME-DQAS: solved too easily,20260703,1.0
False,ME-DQAS,1.5,0.48,0.0,0.07890625000000001,search_alpha1.5_seed20260703,0.04953125,14,DQAS: loss curve too flat; DQAS: solved too easily; ME-DQAS: solved too easily,20260703,0.5807143482447693
False,DQAS,2.0,0.54,2.84,3.03421875,search_alpha2_seed20260703,0.021718749999999787,9,DQAS: loss curve too flat,20260703,1.0
False,ME-DQAS,2.0,0.5800000000000001,2.8,3.0090624999999998,search_alpha2_seed20260703,0.044218750000000195,14,DQAS: loss curve too flat,20260703,0.582816458460732
False,DQAS,1.5,0.1,0.0,0.01046875,search_alpha1.5_seed20260704,0.005781250000000002,9,DQAS: loss curve too flat; DQAS: batch min/max range too flat; DQAS: solved too easily; ME-DQAS: loss curve too flat; ME-DQAS: batch min/max range too flat; ME-DQAS: solved too easily,20260704,1.0
False,ME-DQAS,1.5,0.1,0.0,0.008906250000000001,search_alpha1.5_seed20260704,0.005468750000000003,14,DQAS: loss curve too flat; DQAS: batch min/max range too flat; DQAS: solved too easily; ME-DQAS: loss curve too flat; ME-DQAS: batch min/max range too flat; ME-DQAS: solved too easily,20260704,0.5799216027874564
False,DQAS,2.0,0.5799999999999998,0.8,1.0235937499999999,search_alpha2_seed20260704,0.024843750000000053,9,DQAS: loss curve too flat,20260704,1.0
False,ME-DQAS,2.0,0.5999999999999999,0.78,0.9965625,search_alpha2_seed20260704,0.04671875000000014,14,DQAS: loss curve too flat,20260704,0.5785645849664663
False,DQAS,1.5,0.32000000000000006,1.72,1.944375,search_alpha1.5_seed20260705,0.02906249999999999,9,DQAS: loss curve too flat; DQAS: batch min/max range too flat,20260705,1.0
False,ME-DQAS,1.5,0.40000000000000013,1.64,1.9300000000000002,search_alpha1.5_seed20260705,0.04999999999999982,14,DQAS: loss curve too flat; DQAS: batch min/max range too flat,20260705,0.5797936893203883
False,DQAS,2.0,0.3600000000000001,1.72,1.9484375,search_alpha2_seed20260705,0.027499999999999858,9,DQAS: loss curve too flat; DQAS: batch min/max range too flat,20260705,1.0
False,ME-DQAS,2.0,0.44000000000000017,1.64,1.931875,search_alpha2_seed20260705,0.047812500000000036,14,DQAS: loss curve too flat; DQAS: batch min/max range too flat,20260705,0.579743434168328
False,DQAS,1.5,0.56,0.74,0.9940625000000001,search_alpha1.5_seed20260706,0.027499999999999858,9,DQAS: loss curve too flat,20260706,1.0
False,ME-DQAS,1.5,0.5800000000000001,0.74,0.9912500000000001,search_alpha1.5_seed20260706,0.04093750000000007,14,DQAS: loss curve too flat,20260706,0.5820766163979892
True,DQAS,2.0,0.6399999999999999,0.74,1.009375,search_alpha2_seed20260706,0.0314062500000003,9,,20260706,1.0
True,ME-DQAS,2.0,0.6799999999999999,0.74,1.00546875,search_alpha2_seed20260706,0.04500000000000004,14,,20260706,0.5813973647711512
False,DQAS,1.5,0.3800000000000001,1.66,1.92921875,search_alpha1.5_seed20260707,0.017031250000000053,9,DQAS: loss curve too flat; DQAS: batch min/max range too flat,20260707,1.0
False,ME-DQAS,1.5,0.42000000000000015,1.64,1.9123437499999998,search_alpha1.5_seed20260707,0.03218750000000048,14,DQAS: loss curve too flat; DQAS: batch min/max range too flat,20260707,0.5837492338674372
True,DQAS,2.0,0.96,2.36,2.85234375,search_alpha2_seed20260707,0.0887500000000001,9,,20260707,1.0
True,ME-DQAS,2.0,1.1199999999999997,2.2,2.7528125,search_alpha2_seed20260707,0.18781249999999972,14,,20260707,0.5831583552055993
True,DQAS,1.5,0.8199999999999998,1.46,1.8653125,search_alpha1.5_seed20260708,0.07156249999999997,9,,20260708,1.0
True,ME-DQAS,1.5,0.9199999999999997,1.36,1.8221875,search_alpha1.5_seed20260708,0.11031249999999981,14,,20260708,0.5836969802757899
True,DQAS,2.0,0.8599999999999999,1.46,1.8734374999999999,search_alpha2_seed20260708,0.08484375000000033,9,,20260708,1.0
True,ME-DQAS,2.0,0.9599999999999997,1.36,1.82796875,search_alpha2_seed20260708,0.12578124999999996,14,,20260708,0.583260603944842
False,DQAS,1.5,0.48,0.0,0.08528301886792454,search_alpha1.5_seed20260709,0.02859375,9,DQAS: loss curve too flat; DQAS: solved too easily; ME-DQAS: solved too easily,20260709,1.0
False,ME-DQAS,1.5,0.48,0.0,0.06390625,search_alpha1.5_seed20260709,0.04671875,14,DQAS: loss curve too flat; DQAS: solved too easily; ME-DQAS: solved too easily,20260709,0.5784432694808009
False,DQAS,2.0,0.54,0.0,0.10603448275862068,search_alpha2_seed20260709,0.06771551724137934,9,DQAS: solved too easily; ME-DQAS: solved too easily,20260709,1.0
False,ME-DQAS,2.0,0.54,0.0,0.09375000000000003,search_alpha2_seed20260709,0.08625000000000002,14,DQAS: solved too easily; ME-DQAS: solved too easily,20260709,0.5775540317680757
False,DQAS,1.5,0.32000000000000006,0.78,0.9811363636363637,search_alpha1.5_seed20260710,0.015312500000000062,9,DQAS: loss curve too flat; DQAS: batch min/max range too flat; ME-DQAS: loss curve too flat; ME-DQAS: batch min/max range too flat,20260710,1.0
False,ME-DQAS,1.5,0.3600000000000001,0.74,0.9634375,search_alpha1.5_seed20260710,0.026250000000000107,14,DQAS: loss curve too flat; DQAS: batch min/max range too flat; ME-DQAS: loss curve too flat; ME-DQAS: batch min/max range too flat,20260710,0.590756084930088
False,DQAS,2.0,0.21999999999999997,0.96,1.0091489361702128,search_alpha2_seed20260710,0.0078125,9,DQAS: loss curve too flat; DQAS: batch min/max range too flat; ME-DQAS: loss curve too flat; ME-DQAS: batch min/max range too flat,20260710,1.0
False,ME-DQAS,2.0,0.24,0.94,1.005625,search_alpha2_seed20260710,0.009531249999999991,14,DQAS: loss curve too flat; DQAS: batch min/max range too flat; ME-DQAS: loss curve too flat; ME-DQAS: batch min/max range too flat,20260710,0.5905243154530535
True,DQAS,1.5,1.54,0.48,0.9757812499999999,search_alpha1.5_seed20260711,0.14875000000000005,9,,20260711,1.0
True,ME-DQAS,1.5,1.56,0.46,0.9050847457627118,search_alpha1.5_seed20260711,0.21585275423728834,15,,20260711,0.5742924528301887
